{
  "parameters": {
    "sizeX": 9.99999843295682,
    "sizeY": 9.99999843295682,
    "x0": 1,
    "y0": 1,
    "vx0": 1,
    "vy0": 1,
    "phase0": 0,
    "steps": 200003,
    "multiplier": 10.750005317073304,
    "mod": 1000003,
    "inversionSchedule": [
      {
        "step": 40000,
        "kind": "GEOM"
      },
      {
        "step": 80001,
        "kind": "SPHERE"
      },
      {
        "step": 120001,
        "kind": "OBSERVER"
      },
      {
        "step": 160002,
        "kind": "CAUSAL"
      }
    ]
  }
}